employee_id,name,age,department,salary,location
1001,Priya Sharma,28,Engineering,95000,Bangalore
1002,Liam Smith,35,Product Management,175000,San Francisco
1003,Klaus MÃ¼ller,42,DevOps,140000,Berlin
1004,Anika Deshpande,31,Data Science,110000,Pune
1005,Kenji Tanaka,29,UX/UI Design,120000,Tokyo
1006,Fatima Al-Jamil,38,Marketing,135000,London
1007,Wei Zhang,26,Engineering,155000,San Francisco
1008,David Cohen,45,Data Science,160000,Tel Avivc
1009,Rohan Gupta,24,Engineering,88000,Pune
1010,Chloe Dubois,33,HR,98000,Berlin
1011,Aditya Singh,30,DevOps,105000,Bangalore
1012,Noah Williams,27,Product Management,168000,Austin
1013,Yuki Yamamoto,36,UX/UI Design,125000,Tokyo
1014,Oliver Schmidt,29,Engineering,130000,Berlin
1015,Meera Iyer,32,Data Science,102000,Bangalore
1016,Benjamin Jones,48,Marketing,180000,San Francisco
1017,Aarav Patel,25,DevOps,92000,Pune
1018,Sophie Martin,39,HR,115000,London
1019,Daniel Levi,34,Engineering,158000,Tel Aviv
1020,Lin Wang,28,Product Management,145000,Tokyo
1021,Saanvi Reddy,27,Data Science,98000,Bangalore
1022,James Taylor,41,DevOps,185000,Austin
1023,Hannah Schmidt,30,UX/UI Design,110000,Berlin
1024,Arjun Kumar,26,Engineering,93000,Pune
1025,Isabella Rossi,37,Marketing,142000,London
1026,Mohammed Khan,44,Product Management,195000,San Francisco
1027,Kenji Sato,29,DevOps,138000,Tokyo
1028,Yael Mizrahi,31,Data Science,155000,Tel Aviv
1029,Vikram Rao,33,Engineering,115000,Bangalore
1030,Lucas Schneider,28,HR,105000,Berlin
1031,Nisha Agarwal,29,Product Management,108000,Pune
1032,Ethan Wright,36,Engineering,170000,Austin
1033,Sakura Ito,25,UX/UI Design,118000,Tokyo
1034,Max Fischer,40,DevOps,148000,Berlin
1035,Pooja Mehta,34,Data Science,112000,Bangalore
1036,Ava Johnson,28,Marketing,165000,San Francisco
1037,Kabir Joshi,30,Engineering,101000,Pune
1038,Charlotte Wilson,43,HR,130000,London
1039,Noam Sharabi,32,DevOps,162000,Tel Aviv
1040,Ren Suzuki,27,Engineering,150000,Tokyo
1041,Ishaan Verma,26,Data Science,96000,Bangalore
1042,Logan King,38,Product Management,190000,Austin
1043,Leah Weber,31,UX/UI Design,112000,Berlin
1044,Sameer Patil,29,DevOps,99000,Pune
1045,Mia Brown,35,Marketing,150000,London
1046,Liam Wilson,46,Engineering,210000,San Francisco
1047,Haruto Takahashi,30,Data Science,155000,Tokyo
1048,Shira Golan,28,DevOps,150000,Tel Aviv
1049,Advait Nair,35,Product Management,125000,Bangalore
1050,Finn Wagner,27,Engineering,128000,Berlin
1051,Diya Shah,28,HR,85000,Pune
1052,Mason Scott,39,Data Science,195000,Austin
1053,Hana Tanaka,26,UX/UI Design,122000,Tokyo
1054,Jonas Becker,42,DevOps,152000,Berlin
1055,Rhea Krishnan,33,Engineering,118000,Bangalore
1056,Evelyn Garcia,30,Marketing,172000,San Francisco
1057,Vivaan Kulkarni,31,Product Management,115000,Pune
1058,Harry Evans,45,HR,138000,London
1059,Talia Levy,29,Data Science,158000,Tel Aviv
1060,Atharv,20,Rust,152000,Pune
1061,Aanya Bhatt,27,DevOps,103000,Bangalore
1062,Carter Green,40,Product Management,205000,Austin
1063,Marie Zimmermann,33,UX/UI Design,115000,Berlin
1064,Aryan Chaudhary,28,Data Science,105000,Pune
1065,Grace Robinson,36,Marketing,155000,London
1066,Owen Hall,47,DevOps,220000,San Francisco
1067,Rin Kobayashi,31,HR,110000,Tokyo
1068,Lior Haddad,34,Engineering,165000,Tel Aviv
1069,Zara Begum,36,Data Science,128000,Bangalore
1070,Paul Lehmann,29,Product Management,135000,Berlin
1071,Myra Chavan,25,UX/UI Design,90000,Pune
1072,Caleb Perez,41,DevOps,200000,Austin
1073,Sota Nakamura,27,Marketing,128000,Tokyo
1074,Felix Huber,44,Engineering,155000,Berlin
1075,Tara Menon,32,Data Science,114000,Bangalore
1076,Zoe Martinez,29,HR,168000,San Francisco
1077,Reyansh Desai,33,DevOps,120000,Pune
1078,Thomas Wright,48,Product Management,160000,London
1079,Amitai Katz,30,UX/UI Design,154000,Tel Aviv
1080,Aoi Saito,29,Data Science,158000,Tokyo
1081,Arnav Reddy,28,Engineering,108000,Bangalore
1082,Wyatt Flores,42,Marketing,215000,Austin
1083,Clara Wolf,34,DevOps,145000,Berlin
1084,Vihaan Sharma,27,Product Management,102000,Pune
1085,Penelope Clark,37,Engineering,162000,London
1086,Henry Lewis,49,Data Science,230000,San Francisco
1087,Mei Nakamura,32,DevOps,160000,Tokyo
1088,Ron Goldman,35,HR,170000,Tel Aviv
1089,Anaya Kumar,37,UX/UI Design,130000,Bangalore
1090,Anton Schulz,30,Data Science,140000,Berlin
1091,Aarush Gupta,26,Engineering,98000,Pune
1092,Levi Gonzalez,43,Product Management,210000,Austin
1093,Kaito Ishikawa,28,Marketing,135000,Tokyo
1094,Greta Keller,46,HR,160000,Berlin
1095,Samaira Singh,34,DevOps,122000,Bangalore
1096,Elijah Rodriguez,31,Data Science,190000,San Francisco
1097,Krish Sawant,32,UX/UI Design,118000,Pune
1098,Arthur Davies,50,Engineering,180000,London
1099,Gal Cohen,27,Product Management,175000,Tel Aviv
1100,Hinata Mori,30,DevOps,165000,Tokyo